{
  "label": {
    "position": [52.4747, -2.0940],
    "rotation_deg": -7
  },
  "polyline": [
    [52.4755729, -2.0855231],
    [52.4756021, -2.0856595],
    [52.4756092, -2.0856942],
    [52.4755927, -2.0861451],
    [52.4755131, -2.0864753],
    [52.4754895, -2.0870581],
    [52.4754864, -2.0873745],
    [52.4755464, -2.0877128],
    [52.475566, -2.0881982],
    [52.4755827, -2.0886445],
    [52.4756488, -2.0889663],
    [52.4757491, -2.0891169],
    [52.4758077, -2.0892095],
    [52.4758607, -2.0894097],
    [52.4759478, -2.0895962],
    [52.4759546, -2.0897314],
    [52.4759656, -2.0898954],
    [52.4759615, -2.0900508],
    [52.4759584, -2.0902316],
    [52.4759209, -2.0905891],
    [52.4759092, -2.0906296],
    [52.4757971, -2.09104],
    [52.4757156, -2.0913219],
    [52.4753894, -2.0917531],
    [52.4751447, -2.0920766],
    [52.4749, -2.0924],
    [52.4749127, -2.092525],
    [52.4749184, -2.09265],
    [52.4749116, -2.092775],
    [52.474889, -2.0929],
    [52.4748762, -2.093025],
    [52.4748507, -2.09315],
    [52.4748168, -2.093275],
    [52.4747802, -2.0934],
    [52.4747468, -2.093525],
    [52.4747223, -2.09365],
    [52.4747106, -2.093775],
    [52.4747137, -2.0939],
    [52.4747029, -2.094],
    [52.4747012, -2.0941],
    [52.4747055, -2.0942],
    [52.4747122, -2.0943],
    [52.4747114, -2.094375],
    [52.4747078, -2.09445],
    [52.4746996, -2.094525],
    [52.4746857, -2.0946]
  ]
}
